product_id,product_name,description,price,category
1,Support,Camera TV provide picture staff gun man.,48.08,create
2,Not,National argue civil.,93.81,change
3,Such,Social grow pretty common couple of save.,140.79,design
4,Plant,Ready visit prove recognize rule our.,87.96,four
5,Step,Machine control significant while policy bed.,55.57,scene
6,Likely,Hundred ask hundred something middle into over measure.,12.22,budget
7,Recognize,Including early any animal.,197.21,effect
8,Since,Place free response hotel.,149.72,to
9,Way,Rise reason federal more.,26.11,that
10,Notice,Church strategy very represent threat practice rate.,132.53,almost
11,Place,Trouble century stand society situation among born cost.,196.23,such
12,Who,Body scene effect financial affect tough continue stop.,107.79,five
13,Name,Staff south such impact game.,47.61,garden
14,Increase,Might anyone significant support.,156.91,body
15,Computer,Forward but girl growth change administration fear first.,31.9,often
16,Position,Almost maintain major arm from.,191.61,budget
17,Determine,Grow discuss six whether value including key road.,139.69,letter
18,She,Career interesting modern world green someone buy.,79.16,drop
19,Past,Good street open focus effect.,188.76,up
20,Defense,Live science wonder sport require myself trip admit.,31.36,year
21,Myself,City when actually behavior.,96.49,window
22,Ability,Heart difficult fact mention.,189.75,almost
23,Decision,Bag fear husband.,171.35,bring
24,Need,Series there what need six bit become.,177.81,sport
25,Every,According guess radio.,186.7,town
26,She,Believe someone low various range face.,140.44,score
27,Power,Respond real write campaign car remain fill.,198.82,follow
28,Me,Nothing big line name book political author.,10.54,yourself
29,Protect,Family professional recently move.,134.92,lose
30,Close,Accept campaign kind when someone point.,117.9,resource
31,Toward,Pattern his financial vote believe start.,111.91,off
32,Perhaps,Experience manage budget skill give.,52.06,west
33,Prepare,First speech approach walk.,170.9,live
34,Tree,Bring sea true.,73.92,office
35,Lead,Management our himself look require major myself.,94.54,easy
36,Story,Particular man yard agree again.,107.14,prove
37,Wife,Drive eat commercial true set mention foot wall.,114.62,evidence
38,Serious,Another either general create not choose fly.,112.48,argue
39,Develop,Information population reflect line.,62.53,send
40,Either,Part onto cover matter pick their town.,34.72,director
41,Wear,Mrs old citizen somebody friend popular make view.,148.26,visit
42,Method,Store green vote church give TV.,183.85,option
43,Production,Notice when offer money animal serve fight.,55.19,truth
44,Always,Suddenly tough describe set writer inside.,163.02,fall
45,Hotel,So society blood dog question benefit ever.,21.25,happy
46,Civil,Sing adult anyone born.,147.27,last
47,Travel,Once possible ever own group single.,94.3,culture
48,Third,Hundred natural play shake opportunity sure without.,176.13,shake
49,Impact,Month artist sister family building lead herself.,189.2,where
50,Indicate,Stuff American real.,144.62,month
51,Guy,Edge enjoy assume success.,27.29,street
52,Write,Already we center stock.,90.15,stay
53,Role,Against personal improve range factor man.,176.72,how
54,Say,I question style executive.,165.96,want
55,Wonder,Game game yard response two field father option.,167.06,last
56,Decision,Thought base either hospital major.,176.61,gas
57,End,Man reason who air.,75.99,recent
58,Whose,Standard pass fear at big may.,23.09,quickly
59,Four,Account choose paper media recent blood.,174.73,loss
60,Lead,Attack why appear spend.,16.35,marriage
61,Positive,Trial across western smile activity near certainly.,73.14,blue
62,Life,Meeting treatment heart receive machine various out.,37.69,body
63,Individual,Else either himself go.,20.97,appear
64,Simple,Black value leave.,84.33,teach
65,Value,Bed finish yet.,143.61,including
66,Power,Though story modern technology continue everything.,38.4,method
67,Despite,Set stage yeah word more sea.,62.45,necessary
68,Own,Oil by crime to either last person difference.,128.4,ago
69,Prove,That she social scientist anyone throw.,20.86,three
70,Notice,Red political know its hour man prevent attorney.,97.88,military
71,Gun,Culture official send back near pattern.,162.62,provide
72,Form,While stop player night let talk.,188.14,act
73,Body,Fly imagine they safe detail force market.,183.53,become
74,Course,Citizen everything much standard four.,132.55,represent
75,Design,Why here fear others.,188.38,place
76,Successful,Third often laugh word.,163.95,single
77,Bar,Oil garden hand sing heart.,99.93,class
78,Room,Management as movement might drug reflect.,37.52,risk
79,Measure,Couple serious everyone to.,174.37,call
80,Memory,Table although purpose ago late whom represent.,57.47,hand
81,Campaign,Age billion health heavy.,31.26,pressure
82,Difficult,Sort professional opportunity degree.,64.77,across
83,Officer,Life next prove method administration.,140.26,bar
84,Anything,Unit goal begin particular.,135.78,threat
85,Note,Spring successful word get fly cell special play.,137.07,worry
86,Coach,Budget month culture exactly time red think.,177.22,happen
87,Charge,Page know peace together color.,136.16,teacher
88,Key,Big structure single every continue able need.,109.11,nature
89,Some,Financial standard scene front.,183.27,pressure
90,Amount,Many sort parent gun.,80.95,mouth
91,No,Turn seek remember nation.,66.41,focus
92,Face,Teacher good heavy peace.,126.03,begin
93,Media,Each sign result war fill.,60.38,reality
94,Door,Guess grow least carry.,41.01,federal
95,Land,Population despite pressure he.,68.86,risk
96,Summer,Officer real action.,69.31,travel
97,During,Available go participant note decide.,42.57,last
98,Business,Main story stand technology.,52.64,around
99,Compare,Game new reality glass way issue throw wonder.,29.0,suggest
100,Account,Cultural alone drive state face itself environment.,23.0,source
101,Meeting,Hold itself responsibility physical best ready size.,149.6,rate
102,Full,Feel himself may member among he on.,127.31,go
103,Dinner,Prevent learn show none truth worry.,151.24,because
104,Employee,Agree four agent bad mission I.,37.13,ability
105,Available,Statement attack eight.,120.54,letter
106,Window,Pm clear similar phone lot light if.,30.81,general
107,Key,Term keep wide knowledge court behavior program.,115.33,capital
108,Beyond,Child drive very sing value.,174.98,else
109,Some,Dark finally actually high give notice bar.,119.4,culture
110,Likely,You major ground people.,14.63,season
111,Wind,Message cup board along capital century.,103.91,person
112,A,Challenge similar watch moment marriage go.,110.87,environmental
113,Sing,Wear gas as security gas raise often he.,163.19,car
114,Arrive,Future degree piece hope fast support.,174.52,standard
115,Our,Tonight finish suddenly agent already.,169.28,discussion
116,Born,Win sport fill again continue beautiful dream.,104.31,become
117,Boy,Sport tend simple example likely.,161.33,owner
118,Service,Tree I season head school Congress some movie.,112.29,research
119,Last,Campaign five many political fund.,191.7,leave
120,Time,And use red training difference stay.,169.86,clearly
121,Protect,Eight anything song street church someone.,184.59,trouble
122,Build,Other authority offer evening become.,136.16,significant
123,Others,Believe professional sister front left responsibility ready.,26.18,remember
124,Wear,Each event someone attorney three.,81.48,customer
125,Outside,Free necessary Mrs cost.,68.41,reflect
126,Build,Career discussion quite.,34.7,away
127,Especially,Idea past blood common fire.,111.75,oil
128,Baby,Simple speech degree growth.,71.13,market
129,Minute,Time hair marriage anyone put hundred material matter.,116.35,truth
130,Now,As lot white whether technology.,199.08,group
131,Yourself,Opportunity professional before mouth government since figure.,131.97,friend
132,Audience,Amount interesting statement our among.,20.51,open
133,Information,Share leave answer call.,124.98,develop
134,Authority,Room employee cell any win.,49.87,someone
135,Himself,Later space everyone go brother keep issue.,114.86,above
136,War,Less inside environment class.,99.89,democratic
137,Fear,Happen term local to either matter.,45.36,drop
138,Blue,Into very everything staff interesting summer fall.,77.67,exactly
139,Recently,Coach hotel weight let.,14.0,mother
140,Air,Animal us recently community.,113.13,various
141,Ever,Include respond four why.,119.65,discussion
142,Much,History investment suggest plant well.,123.59,western
143,Like,Coach out some.,155.59,heavy
144,Officer,Government ahead author pressure measure instead daughter.,39.38,think
145,Expect,May thought most meet hospital where similar.,180.7,threat
146,Condition,Beat write director TV.,159.7,air
147,Person,Person stay item attack.,195.29,government
148,Country,Key brother knowledge ahead mother want.,75.69,open
149,Interest,College thus writer president sport no.,127.74,cost
150,Quickly,Can trip arrive real cell represent agree.,132.33,radio
151,Claim,Far manage reach system.,108.7,tough
152,Town,Who room over take very same.,78.82,although
153,Really,Around through begin claim sound term or.,170.2,fish
154,Help,Close along environmental west information price total.,137.63,company
155,Mention,Mission agree operation everyone something change interview wear.,196.26,they
156,Ready,Financial magazine open less.,63.94,visit
157,Table,Better term range federal pattern artist along.,131.36,buy
158,Worker,Remember culture remain race win.,87.19,fund
159,Store,Drop both few top size.,138.03,itself
160,First,Manage early certain artist much wear institution.,10.84,what
161,Evidence,Common join any treat cup police.,78.15,anyone
162,Turn,Suddenly skill collection sell per population.,99.2,edge
163,Play,Yeah bill thank interesting PM his large.,48.32,finish
164,Quality,Draw high church kind boy.,165.54,same
165,Identify,Event wall fill sit increase surface economy.,85.08,style
166,Indeed,Mr of federal gas explain.,186.17,least
167,Especially,Art truth beautiful artist citizen general fund.,195.94,tax
168,Himself,Every appear trade might.,151.08,improve
169,Compare,Owner season none civil cup.,188.16,candidate
170,Bill,Continue myself quickly owner charge reality example.,65.54,lead
171,Wife,Week blood lot son brother.,165.98,final
172,Yeah,Worker rise month later system.,45.8,executive
173,Claim,In color market southern.,89.55,under
174,Civil,Manager than figure likely after according instead.,157.14,go
175,Wife,Actually out official morning sport walk family ten.,187.13,rate
176,Often,Hear decision project campaign.,64.53,sport
177,Away,Later open prove science if lose give.,117.79,which
178,One,Decide shake job.,20.23,positive
179,Police,Avoid visit up crime training today.,143.91,reason
180,Director,We between produce.,176.64,against
181,Business,Couple spend blood difference where parent rock.,179.7,speak
182,My,Price gun herself future.,74.34,shake
183,Step,Summer entire forget style.,113.37,college
184,Action,Ground avoid kid represent develop tend movement.,47.82,employee
185,After,Treat least age.,31.1,spring
186,Loss,Congress culture south fly short.,162.89,each
187,Decade,Government expert entire responsibility add.,96.14,could
188,Would,Kind actually his worry stand gun story grow.,90.54,term
189,Response,Top street program most best.,154.21,good
190,International,Agree energy left because know car.,155.9,training
191,Threat,Art land middle player his wife course.,63.82,rather
192,Start,Company stage fund discover play talk practice her.,66.0,loss
193,World,Later style address threat mother yourself.,95.73,themselves
194,Organization,Skill voice pressure person compare move.,35.5,evidence
195,Feeling,Try difficult own every mouth.,119.01,figure
196,Thing,We remember her question ball.,32.03,mean
197,Now,National free number wide.,198.44,born
198,Artist,Official size administration whom alone yet.,24.63,rich
199,Of,Ago staff phone remain staff without three store.,102.04,design
200,Cup,Actually school computer.,27.87,down
201,Fish,Upon record figure forget ok.,93.04,truth
202,Cover,While visit industry near.,135.41,kind
203,Impact,Expect together political consumer.,199.05,color
204,Create,Water to yes media college information none.,24.89,pass
205,Commercial,Top always note.,187.3,ago
206,Husband,Memory late group as Mr cell.,161.48,me
207,Industry,Help money force garden art.,14.06,something
208,Pretty,Hotel bill current local really meeting pretty friend.,149.19,whole
209,Free,Event per song early explain.,35.34,capital
210,Foreign,Teach the artist glass task modern.,90.79,final
211,Daughter,Fall west price same still physical resource year.,196.44,should
212,Peace,Both movement game each quickly dark station.,159.57,similar
213,Rock,Together star exist every write visit professor.,153.18,cost
214,Writer,Interesting job adult put all forget.,132.39,perhaps
215,Up,About radio drop have standard begin watch.,146.4,fall
216,Item,Learn attention ball determine.,76.13,friend
217,Single,Seven several although specific weight low.,151.97,reason
218,Difference,Character laugh dinner month.,195.56,wide
219,Speech,Size week prove above.,127.55,treatment
220,Own,Rest democratic develop past hair third.,107.87,take
221,Listen,Must this often successful.,116.4,involve
222,Area,Catch news remember.,156.48,nice
223,Special,Draw fine happy pressure.,162.35,Mr
224,Loss,Whom artist improve voice.,118.89,charge
225,Heart,Power anyone off answer specific century student.,63.22,before
226,Consumer,With federal attack cost music pull expert.,162.96,couple
227,South,Indeed wrong stock watch.,145.28,us
228,Family,Character to head.,55.49,who
229,Happen,While impact structure action ask.,127.62,have
230,Perhaps,Body bill strong world.,91.36,theory
231,Tend,Capital huge operation Mr record close real.,159.86,leave
232,Continue,Nor space wind follow.,92.82,interesting
233,Tonight,Side culture surface generation learn thus today.,172.91,worker
234,Until,Image purpose instead necessary behavior.,88.22,development
235,Office,Show art fight others safe.,188.21,air
236,Thank,Theory consumer modern admit peace wife deal work.,53.36,form
237,Think,Happen page center down or measure.,109.19,support
238,Training,Drug hospital common.,110.56,successful
239,Life,Especially third religious our.,152.52,gas
240,Coach,Suddenly debate room can whole walk safe public.,196.43,through
241,Strong,Difference specific me room color.,66.85,Republican
242,Include,Arm allow newspaper option son office receive level.,71.45,share
243,Police,Method where happy college method along there avoid.,47.74,be
244,Anything,Not head return quite.,145.39,third
245,Item,Second food ask federal respond nothing third.,183.59,region
246,Population,Decade laugh important performance.,18.6,show
247,Allow,Modern seem ball bank.,62.61,official
248,Food,Carry however bag according receive each.,58.31,them
249,Huge,Effort million discussion voice story.,45.95,raise
250,Type,These though paper experience land probably sometimes.,124.93,name
251,Tax,Response collection imagine more firm reality different.,71.29,able
252,Movement,Indeed energy as.,157.54,think
253,No,To party detail person top.,177.96,ever
254,Certain,Man measure benefit foreign treatment decade.,195.33,company
255,Eat,Claim investment charge value.,10.79,history
256,Method,Bag our clearly lawyer animal.,151.92,again
257,Amount,Firm tough modern truth possible increase.,126.19,hundred
258,Industry,Discussion way letter example cup while community.,148.54,player
259,Feel,Five local tax when catch.,144.49,build
260,Several,Heavy everything position approach explain.,137.37,health
261,Recognize,Tell meet seven positive.,156.54,property
262,Sport,We sound just station central poor.,19.11,front
263,Identify,Talk when heart traditional.,65.06,sea
264,Word,Society enter nearly choose accept past produce.,49.22,or
265,Success,Them short talk by senior.,168.07,however
266,Security,Around officer simply sea hand reality paper.,78.1,military
267,Station,Place answer project leave.,15.13,husband
268,Try,Particularly avoid role garden fish all tree.,50.12,lawyer
269,Baby,Summer interesting skill little phone organization all on.,168.93,government
270,International,Me list upon west about.,71.33,turn
271,Even,Suggest follow always present affect.,87.07,finally
272,Toward,Free but vote federal bag boy beautiful.,196.02,above
273,All,Air open particularly newspaper watch management know.,138.4,set
274,Share,Live more education.,75.8,financial
275,Certain,Everyone see drug low area option just while.,143.45,window
276,System,Every organization write current tell look.,164.63,seem
277,Fund,Type line herself statement.,85.32,also
278,Hope,Evidence population responsibility.,166.81,cover
279,Decision,Assume friend including door serious result population.,177.49,defense
280,Reduce,Heart stay voice scene.,33.88,language
281,Attack,Another stock speak everyone deep.,104.08,name
282,Late,Lose draw member with.,142.26,kid
283,Whose,Break style movie mind ability leader chance.,170.29,very
284,Animal,Skill fight none could sport.,135.08,keep
285,Senior,Pass score head decade dinner low however.,10.04,authority
286,Possible,Interesting gun option place quality that really only.,81.38,pretty
287,First,Main soldier process likely water standard.,113.43,style
288,Others,Science business save heavy.,190.46,reveal
289,Space,New set me sound would growth character.,196.16,factor
290,Water,Performance attack friend analysis computer season various.,102.71,reduce
291,Ball,Difference spend common doctor them feeling his.,65.07,inside
292,Take,Customer question yard.,92.47,experience
293,Enjoy,Space true interesting Democrat billion wall.,58.07,page
294,Sort,Movement discussion throughout wear choice minute.,88.64,action
295,Small,All small president decision laugh law business teach.,53.66,carry
296,Far,Thank central need along sport.,133.24,what
297,During,Gas season individual and pattern ability risk.,97.63,according
298,National,Environmental management take.,29.89,stage
299,Since,Skill ever administration care bill herself whatever.,111.95,star
300,Task,Whether political perhaps town garden my bed.,20.3,almost
301,Smile,Magazine might drop short however same.,74.78,likely
302,Major,Interview writer keep put.,155.34,drive
303,Case,White mother trouble trial trip interesting.,117.87,make
304,Current,Across foot day note ability.,87.33,management
305,Appear,Budget same opportunity even.,72.53,consider
306,Kind,Accept major generation after federal purpose.,166.29,while
307,Camera,Impact admit charge sort research.,49.97,prepare
308,North,Professional ready land this music young.,49.41,popular
309,Four,Drug within prepare most.,90.41,miss
310,Part,Would peace direction nothing table hand benefit.,26.92,sell
311,Apply,Describe positive back agency.,146.6,whether
312,Not,Speech long worry.,142.75,well
313,Take,Develop skin not owner company.,160.26,sign
314,Woman,Scientist to get team if alone grow.,83.66,look
315,Site,Win be check tax enjoy none.,131.58,care
316,Rich,Site light century strong.,91.25,head
317,Brother,More truth race tax daughter.,111.95,by
318,Water,Learn push chair fund finally nice determine.,128.96,trial
319,To,Will everything civil little opportunity.,198.16,skill
320,Agent,Have time send.,151.68,charge
321,New,Actually generation American red several.,172.36,attention
322,Issue,Factor capital government the opportunity everything operation quality.,27.32,natural
323,West,Magazine effect analysis how course.,128.74,lawyer
324,Fund,Star quality lose expect deep.,100.59,painting
325,Miss,Information seven much street.,171.3,go
326,Right,Conference police attack alone.,46.89,production
327,Possible,Create physical dark meeting.,130.25,plan
328,Weight,Defense politics parent ten law cold.,156.77,when
329,Word,Interest marriage person.,67.61,able
330,Many,Stop important charge almost be.,54.38,home
331,Strong,Term meet despite rate poor per sister debate.,168.03,war
332,Own,Prove where effort business report already.,58.8,young
333,Institution,East itself gun knowledge condition feeling.,30.78,painting
334,Their,Detail board play local.,107.83,thousand
335,Space,Themselves idea officer goal already head truth.,64.82,international
336,Forward,Entire poor but operation before American bed.,72.31,without
337,Feel,According number during director item safe.,49.8,key
338,Reflect,True style affect crime prepare.,137.02,hard
339,Send,Industry smile although more finally listen.,58.86,commercial
340,Performance,Form woman might off nation popular.,72.23,without
341,Between,Leader cultural news drive bring vote.,119.52,recent
342,Threat,Leave war change shake discuss candidate term.,10.94,big
343,Change,Listen husband item fine range technology clearly.,110.29,teacher
344,Week,Note consumer language recent.,197.6,he
345,Pattern,Station traditional magazine from speak with.,54.17,I
346,Position,Technology institution card represent.,115.05,ahead
347,Green,View book accept security arrive fill that experience.,169.1,according
348,Late,Before heart live good which whole.,186.56,today
349,Relationship,Available strong daughter go goal majority.,70.13,her
350,Reveal,Plant nice of whose when enjoy.,148.23,unit
351,Anything,Fire west put thousand together above himself.,52.05,party
352,Issue,Smile open require require.,73.2,last
353,Challenge,Serve hot life great.,28.05,operation
354,Whole,Unit culture issue important message of.,49.32,performance
355,On,Not meeting rich.,186.69,contain
356,Hard,His perform peace food.,93.84,sell
357,Offer,Population in science at big six case civil.,159.64,coach
358,Reveal,Perhaps short practice.,171.44,sign
359,Federal,Can red bar hundred.,175.48,else
360,Young,Nearly laugh which enjoy section economic.,171.15,sense
361,Need,Lead near military three make.,131.52,suggest
362,Staff,Continue above high game series act.,91.52,community
363,Firm,Far perform state.,42.04,stock
364,Stop,Mrs step left sell office.,123.52,director
365,Tell,Television prevent will significant what fall.,134.89,today
366,Fall,Glass main national later.,12.15,save
367,Education,Civil subject manage camera opportunity anyone.,37.31,individual
368,Expect,Us under south local note lay.,129.4,physical
369,Indicate,Trouble show do.,86.64,current
370,Ground,Determine executive about into.,152.91,personal
371,Almost,Watch lawyer choose near various though protect money.,20.74,sort
372,Fish,Third system design who why three find.,88.1,must
373,Computer,Everything west write interesting hotel all.,123.89,physical
374,Artist,Determine everything religious standard threat if.,157.19,hit
375,Explain,Read pay community serious.,86.65,military
376,Former,Home then everyone.,85.05,goal
377,Somebody,Summer finally threat recognize knowledge note.,90.16,effect
378,Voice,Exactly system financial customer.,48.21,this
379,Indeed,Wish writer marriage must civil chair sure.,28.67,century
380,Drug,Total sign hope international stop.,143.62,hold
381,Memory,Response control position Mr likely.,29.32,shoulder
382,Medical,Staff environmental coach debate safe important nothing.,117.86,phone
383,With,Local half stop tonight.,152.17,nor
384,Operation,Name career art air college mention.,151.41,and
385,Local,Under study speech us cause job occur nor.,10.2,culture
386,Consumer,Ability really perhaps management.,113.91,writer
387,Ok,Image from western.,95.59,language
388,Little,Loss series budget couple need.,42.2,important
389,Test,Number national each enter heart new rule.,76.35,over
390,Ground,Far face by art throw.,117.18,know
391,Life,Defense reveal more travel main star stock center.,163.41,attack
392,Left,Blue traditional sometimes physical watch.,109.81,allow
393,Information,Marriage strong church road.,99.82,another
394,Admit,Material turn order true son friend.,125.9,lead
395,Develop,Know knowledge claim detail but sit character.,26.37,how
396,Study,College just fill.,158.49,poor
397,Water,Lose also majority hold song.,142.52,seem
398,Court,Mission yeah wait senior person.,106.66,story
399,Her,Rate memory either call window sound.,125.93,dinner
400,Learn,Station teach collection price operation ago test voice.,21.25,consumer
401,Financial,When car hope spend claim because.,199.51,crime
402,Lawyer,Pass commercial animal forget apply.,178.82,chance
403,More,Develop marriage participant nearly owner artist Mrs wear.,131.69,among
404,Describe,Trip pay his clearly present turn table usually.,63.96,partner
405,Include,Exactly your argue painting alone sometimes rule.,145.95,fund
406,Lead,Management least ago watch listen serve blue.,104.71,cup
407,Process,Newspaper serious sell traditional.,156.92,food
408,Reach,Less want case.,58.48,everybody
409,Policy,Five network improve cut.,115.87,fast
410,Common,Industry room send player become strong during them.,126.11,soon
411,Base,Thousand trip one.,142.49,dinner
412,Ago,Three soldier yeah just management.,104.17,edge
413,Affect,Make always east animal when shake.,64.69,national
414,Law,Happy keep exactly top part.,110.49,above
415,Project,Situation system action Republican magazine.,178.78,within
416,Job,Interview trade owner western.,90.1,important
417,Such,Campaign none walk wind trial four if.,46.13,training
418,While,Something sure teacher level scientist radio bit.,10.1,once
419,Morning,Agree picture finish gas at statement stop article.,146.89,natural
420,Walk,Politics control reduce.,171.88,behind
421,Its,President per factor pick pretty thousand.,124.95,billion
422,Foot,Commercial individual interesting car group still work.,66.7,end
423,Culture,Behind wish suggest want three crime.,116.76,world
424,Wall,Building Congress its car half attention appear.,172.63,during
425,American,Song final actually.,195.7,sell
426,Us,Account very eat forget thousand put however simple.,16.65,end
427,Hot,Order week live beautiful.,89.18,him
428,Across,Decade parent role ready old.,47.46,price
429,Movie,Company project sit least.,96.24,personal
430,Whether,The official easy open country common.,15.17,it
431,Defense,Itself design government benefit.,110.76,raise
432,Test,Set or should Mrs.,92.29,structure
433,Message,Effort event sense off hit my.,111.16,result
434,Executive,Later market that defense own.,96.61,behavior
435,Growth,Meeting only customer least technology.,161.12,real
436,Letter,Over success above which total technology report.,155.55,contain
437,Instead,Point per I audience.,168.55,put
438,Million,Film boy increase offer set if town.,76.67,idea
439,Should,Sister page free fish guy last ready.,101.9,building
440,Speech,Second prove hour tough fact hold any bring.,156.48,also
441,Factor,Step magazine government soon enough.,59.26,local
442,Career,Person task meet responsibility.,21.29,page
443,Away,Protect performance real customer white opportunity.,193.71,woman
444,Discussion,Choose night guess world across involve.,79.4,age
445,Wide,Resource fast require to meet include.,33.35,ahead
446,Party,Organization fly color too break night staff.,68.93,box
447,Second,Agent according interest in.,32.07,detail
448,Teach,Big his example student blood last.,33.98,spring
449,Interview,Since available student discuss wait agency drop them.,11.84,matter
450,Describe,Take will to all write almost.,173.13,according
451,Her,Past eight five food.,77.2,section
452,More,Avoid phone they we.,91.65,girl
453,Past,Card ok certain on life loss use.,48.97,ready
454,Foreign,Western energy indeed somebody word often fact.,70.54,deep
455,Picture,Artist election building his through quality leave.,16.11,choose
456,Recognize,Time success defense away recent.,140.52,piece
457,Car,And fish imagine central husband shake off.,114.38,sing
458,One,More fly probably.,79.23,sound
459,Itself,Follow itself score size risk really red.,172.04,nothing
460,Pretty,Task central paper table.,189.53,case
461,And,Peace whole lead a exist thing however.,171.28,several
462,Future,Everybody whole any.,146.59,daughter
463,On,Mrs several others above there station.,187.97,material
464,Nor,Remain car though.,187.75,score
465,With,Continue hand attorney ability.,162.74,role
466,Long,Ability American return.,124.83,manager
467,Employee,South wish see prevent.,73.5,why
468,Admit,Yard career between example six know.,119.09,figure
469,Economy,As event per past piece radio finish.,106.52,everybody
470,Need,Bed commercial middle listen should ten watch.,42.36,especially
471,Car,Road none prove.,94.89,ever
472,Speak,Me crime often concern upon statement course.,40.34,growth
473,Put,Near bank research without.,133.3,learn
474,Recently,Sing either whole age fall.,186.67,his
475,Music,Identify theory reflect possible share deep gas method.,31.49,pick
476,Turn,Thus discussion television former professional sometimes.,105.47,responsibility
477,Employee,Lot owner summer herself show PM.,92.31,out
478,Student,Education either ahead rest why effect course.,13.76,charge
479,Set,Perform thousand picture foreign surface tonight want.,46.53,central
480,Yet,Successful model direction.,20.88,reason
481,Black,Trial well team chance model your behind.,156.56,thank
482,Parent,Site teacher usually billion save write.,112.73,image
483,Performance,Life get be whole yet animal.,46.16,goal
484,Often,Condition mean should crime fine.,129.61,pressure
485,Worry,Up person class many base.,69.38,much
486,Decide,Pick if choose close account investment.,196.57,out
487,Network,Not explain computer reason.,22.62,between
488,Born,Father then business year increase.,71.32,scene
489,Positive,Support certainly wife herself western.,149.32,morning
490,Road,Under arrive sea take image deal enter year.,141.77,her
491,Director,Control health opportunity watch.,20.33,store
492,See,Loss say receive yourself dream.,56.95,four
493,Policy,Tv become poor fire station strategy challenge.,68.45,senior
494,Ready,Peace me a attack city.,58.07,employee
495,Art,Mind office senior nice room.,126.23,PM
496,Attention,On cultural pattern girl poor.,94.13,character
497,Everyone,Best involve finish need news professional most discuss.,53.2,painting
498,Baby,Western traditional democratic action his bad.,91.54,could
499,Catch,Impact choice mouth reason economy respond risk.,65.79,whole
500,Determine,Size TV ten condition.,97.46,must
501,Near,Whatever traditional red provide.,170.99,action
502,Democrat,Pattern subject task civil administration.,73.64,bank
503,Him,Top late our son.,84.98,full
504,Throughout,Generation she speech hour.,103.21,north
505,Himself,Case contain town hit take.,100.0,start
506,Trade,That win able.,43.51,identify
507,Act,Scene another trial.,13.99,professional
508,Edge,Lot meeting task fund stuff.,159.09,pass
509,Myself,Under run different success.,17.45,beautiful
510,Front,Center reason blue economic seek source.,63.05,project
511,Third,Outside leader employee recognize.,136.7,market
512,Would,Television despite move increase amount pay third.,97.25,interesting
513,Local,Anyone situation friend chair truth.,87.82,require
514,Commercial,Discover push institution board.,199.17,society
515,White,Thousand outside production street or clear.,139.15,reduce
516,Bring,Girl doctor tell against dinner author guy.,48.29,sister
517,Trip,He paper author agreement choose order action.,95.24,establish
518,Ten,Sort civil air account support share.,56.95,attack
519,Step,Phone way more local southern civil find.,109.47,until
520,Perform,Factor several live newspaper play.,185.62,interest
521,Democrat,Sea break brother camera record do.,127.28,tonight
522,Score,Get every fund seem them structure.,135.17,another
523,Why,Tend investment exactly affect treatment turn.,42.47,spend
524,Race,Computer training baby everything say serve current.,19.99,able
525,Network,As coach cover send quite piece hair early.,90.1,including
526,Look,There best move wonder level watch executive choice.,60.06,oil
527,Usually,Far will west minute lawyer black apply.,196.27,western
528,Some,Spring explain order mind admit.,118.87,trip
529,Hand,Parent once investment government.,148.32,suggest
530,Professional,Once remember late stand majority.,179.04,bag
531,Game,Dog win agree.,119.97,first
532,Appear,Fear society question mean the bit.,112.47,design
533,Team,Yes short model style above.,153.44,cup
534,Body,Study well member eye article learn organization religious.,71.86,run
535,Wall,Language everybody challenge.,136.0,nature
536,Feeling,Outside leave hundred agree company leave.,180.03,key
537,Soldier,Quality management which heavy health.,28.81,cut
538,True,Develop stop mission hospital collection.,152.74,apply
539,Indicate,Gas many fill modern.,134.84,soon
540,Choice,Parent happen kid seek.,34.59,rest
541,Religious,Memory quickly stop action business blue.,170.0,worker
542,Wrong,Sell try reason agency foot movie huge wall.,73.94,break
543,Activity,Foreign card class since blood news.,33.97,concern
544,Pattern,Everything hotel morning garden.,94.24,both
545,Seem,Natural get give product large attention soldier.,77.17,natural
546,Mr,Family someone occur deep customer small it.,23.57,instead
547,Guess,Movement page skin less provide.,101.06,employee
548,Specific,After reflect organization agency rule away.,117.44,decide
549,Throughout,Benefit ten response race seem black certainly.,180.94,write
550,Power,Without card war structure accept against kid.,78.63,she
551,Call,Environmental evening see experience bit structure forward.,68.1,his
552,City,Sit central over visit.,72.38,control
553,Wife,Economic board operation particularly century side.,38.93,all
554,Season,Add law this without worker figure.,61.02,place
555,Training,Number speak data eat government baby.,47.37,oil
556,Career,Actually fire draw cover central special.,196.79,share
557,Room,While people pull member.,112.06,sport
558,Writer,Throw up less international.,118.78,might
559,Write,Up never on loss.,47.29,child
560,Education,Page by adult number crime world.,99.58,positive
561,Cold,Let win night put.,135.91,cold
562,Economy,Set professor might seem might hotel.,47.34,remain
563,Shake,Field degree especially letter too certain sort those.,92.3,game
564,State,Available course place two free she.,25.33,positive
565,Medical,Effort little deal according along.,153.29,activity
566,Collection,Drug recognize idea onto thus clear.,81.87,region
567,Learn,Authority few senior site within.,130.8,say
568,Watch,Drop decision threat once.,11.6,hope
569,Car,Official we war read event.,79.6,environment
570,Away,Head career week scientist official.,148.64,series
571,Public,Hard street tax cell we board young way.,97.86,ago
572,Father,Move large win poor society around maintain.,170.17,part
573,Rate,Serve maybe media more give reveal.,144.82,fight
574,Go,Them customer too cell strategy nation war.,147.07,all
575,Answer,Police across those arrive foreign other traditional.,40.86,late
576,Range,Especially candidate relationship property.,109.46,hundred
577,Difficult,Organization artist production.,166.23,century
578,Begin,Teacher this front son another.,149.95,wait
579,Give,Interview difficult themselves.,135.25,ok
580,Also,Three police conference attack though.,156.49,discussion
581,Stage,Key story stop nearly continue phone real.,35.5,major
582,Various,Nation star glass.,172.39,garden
583,Student,Pattern hundred water develop help ok save.,142.15,window
584,Head,Response rock goal note boy.,105.45,set
585,Program,Trial pass impact property show.,84.46,lay
586,Capital,Town action figure throw total.,193.2,cause
587,Step,Act work full civil parent white.,116.2,professional
588,Memory,Another real old easy.,60.97,believe
589,Game,Opportunity hit maintain cost own.,103.62,never
590,Newspaper,There little scientist performance.,30.4,study
591,Agent,Pay station participant wind wind water growth Congress.,135.1,far
592,Bit,Range you long range.,193.27,dark
593,Maybe,Last such national thus well professional chance.,110.62,push
594,Seven,Design discussion reason heart keep describe.,174.6,law
595,Both,Attention hard nearly buy wife police bed.,132.25,economic
596,Study,Work police paper go environment some southern.,100.94,program
597,Above,Color nation image leave.,79.57,which
598,Way,Stay game toward out purpose over professional difference.,138.16,middle
599,House,Since mission girl.,40.99,military
600,Process,Character happen forget.,41.06,write
601,Past,Near particularly always set.,28.6,best
602,Since,Special stuff wind.,14.5,spend
603,Position,Man bad ever third class draw traditional discuss.,139.97,scene
604,Require,Child rest he success way particular.,169.25,party
605,Or,Wonder sister tell particularly soon want parent.,151.23,black
606,Adult,Human skill bring control choose school choice heart.,129.01,statement
607,Visit,Read girl large million almost sister meet pick.,187.1,over
608,Food,Bank radio who because course establish.,157.21,able
609,Education,Air worker various require others expect.,60.61,material
610,Man,Investment character next.,60.58,support
611,Significant,Strong while measure contain film.,100.98,method
612,South,Five mean inside buy garden.,114.96,painting
613,Human,Vote tax Democrat contain even two positive wide.,63.69,speech
614,Sing,Get table enjoy conference wish.,15.65,my
615,Audience,Reduce south always never memory feeling.,197.82,local
616,Discover,Recently subject consider already goal enter.,65.92,hair
617,Teach,Carry side particular stock.,192.92,cup
618,Lead,System even else society within nice population.,118.13,own
619,Star,While guess difficult side I lay.,22.59,history
620,Magazine,Red watch yeah activity during check want.,156.59,yourself
621,Behavior,And sing east protect.,166.35,break
622,Table,Whether million crime husband must them.,110.93,necessary
623,Very,Room make series third.,155.7,operation
624,I,Collection practice example interesting yourself every blood too.,64.29,any
625,Region,Happy hope mind cover instead size they.,40.97,recently
626,Economy,In behavior even woman run quite than.,49.38,big
627,Relationship,Your indeed same something feeling already.,49.64,write
628,Positive,Bad line meeting southern claim.,127.85,money
629,Idea,Effect energy all spend state total.,156.27,full
630,Attorney,With surface relationship establish present arm.,102.75,simple
631,Likely,Common over image beyond born cup.,148.54,song
632,Less,Identify begin late without ten.,167.72,agree
633,Phone,Brother whole simple small various side.,58.76,ask
634,Site,Lot foreign per level defense include.,124.39,degree
635,Or,Education save short through.,123.69,movement
636,Even,Sort number spring knowledge treatment chance central.,138.92,in
637,Bag,Generation success discussion use page.,91.8,heart
638,Thought,Another physical material sign.,97.77,trade
639,Effect,Conference court system middle into.,69.18,type
640,More,Ground suddenly green traditional truth conference.,19.0,ability
641,Very,Hour field campaign why top.,173.89,ground
642,Concern,All item along side true.,143.37,strong
643,Item,Fish safe apply customer.,91.68,glass
644,Successful,Visit billion thought away realize.,154.97,under
645,Far,I market consumer.,11.38,probably
646,Town,Follow budget focus it include mission single.,168.65,west
647,Air,Town where since cell else account oil take.,121.56,identify
648,Short,Bit artist successful administration president hand source.,161.29,without
649,Hospital,Measure including role most person later.,137.63,too
650,South,Agency beautiful than me because stock perform threat.,114.22,fact
651,Support,American station plant little economy catch school when.,101.84,war
652,Occur,Position box single admit away several use.,112.44,really
653,Kid,Whether theory many simple society.,188.6,model
654,Particularly,Kitchen reveal happen then.,33.22,and
655,Style,Behind land majority.,100.45,mention
656,Use,Mr seven century.,187.01,back
657,Miss,Look hotel though dinner can over.,23.05,after
658,Better,Meeting animal claim difficult page.,31.74,letter
659,Step,Already artist without simply understand under require.,84.53,interesting
660,Cost,Phone center reality ok.,161.63,customer
661,Tonight,Position those whom speak the.,99.66,board
662,Degree,Start voice during every.,181.2,management
663,Rather,Memory necessary for seat window cultural.,187.25,pass
664,Most,Must week forget relationship.,155.49,chair
665,Need,Growth black measure between ok.,133.17,probably
666,In,Buy though history traditional pay boy.,85.6,meeting
667,Any,Move major full describe performance cell.,32.03,old
668,Nearly,Statement special hard room reach.,120.38,attack
669,Process,Open never official according suggest discussion glass.,32.2,activity
670,Bad,Later know up step hair involve action.,145.89,role
671,According,Performance guy education bag.,142.27,open
672,Population,Political wrong attack eight fight.,31.35,identify
673,Open,People return song present base.,59.38,reflect
674,Safe,Old side light.,69.07,so
675,Next,Sport a beautiful already act.,135.38,evening
676,Full,Sign perhaps maintain law direction.,67.02,social
677,Whatever,Stock mouth front past.,163.92,lose
678,Level,Matter remain generation guy court real they.,99.02,will
679,Hospital,Sign government listen scene three.,184.04,adult
680,Spend,Site we black yeah structure.,179.25,bank
681,Look,Know response according provide building.,19.69,Democrat
682,President,People admit technology throw only company morning.,32.78,run
683,History,Left imagine campaign travel central without.,126.3,investment
684,Ever,Raise federal unit power major.,27.15,edge
685,During,Want player interest approach.,139.38,much
686,Military,Prepare owner whole player former similar.,153.43,history
687,Thought,Continue tree player western indeed.,59.23,behavior
688,World,Line feeling glass race.,42.17,friend
689,Race,Church join however night camera single.,176.21,majority
690,Best,Green magazine mention church produce quality against.,75.79,policy
691,Tell,Common main floor grow her base various.,17.49,citizen
692,Policy,Including would physical various not whatever.,31.82,individual
693,Ready,Away risk American success.,56.58,property
694,Mr,Sing always public bit door hospital.,25.42,add
695,Away,Child hundred case pull money listen.,191.19,act
696,Us,Join race data.,144.13,guy
697,Management,So final order table.,185.01,cause
698,Impact,Local center right last.,102.56,world
699,Threat,Exactly boy nothing he song.,189.47,compare
700,Current,Rich election ask may past single.,22.29,wife
701,Quality,Car prepare Congress serve back floor treat.,64.61,pick
702,Top,How poor land past too.,91.73,different
703,Magazine,Teacher find value machine.,131.52,join
704,Data,Moment study light unit foot deal.,149.17,far
705,Board,Dog similar own prepare individual affect.,96.34,a
706,Finally,Under treat that shoulder.,28.16,necessary
707,Bank,Southern study than realize share woman.,154.95,program
708,Page,Turn thus could she.,132.02,many
709,Require,Since follow business Mr sister.,195.97,eat
710,Figure,Line address foot final benefit phone lead record.,150.08,person
711,Forward,Own happy white wife tend long political.,84.7,nation
712,May,Can nothing entire manage follow partner your cover.,98.85,respond
713,Line,Rich body past describe.,39.64,yourself
714,Past,Point speech news deep.,198.37,amount
715,We,Point total image coach near people we.,40.57,bar
716,Fly,Would shake everybody board author drop notice.,176.72,use
717,Perform,Section let help get world certain.,23.8,field
718,He,Sometimes word suffer across.,98.01,research
719,Deep,Mission interesting couple rich develop guess education avoid.,25.1,soldier
720,Would,Lay start today statement cultural interview them.,140.33,movie
721,Sign,Assume conference owner like.,190.25,clear
722,Important,With ask just able than course race where.,170.48,that
723,Image,Thank different leg artist weight along.,103.33,friend
724,Attorney,Wall can catch.,111.7,economy
725,Several,Anything major ready lose system significant.,127.73,since
726,Onto,City before include.,136.5,specific
727,Part,For despite very you seat first.,24.79,of
728,Tend,Impact skin student specific assume.,94.02,federal
729,Many,Goal radio feeling simple teacher.,178.45,order
730,Meeting,Drop get fill available bit when.,12.98,prove
731,Newspaper,Worker mind certain professional both performance.,31.78,exactly
732,Reason,Especially agreement address teacher before perhaps maybe.,192.65,charge
733,War,Send war source skill personal partner so.,53.17,physical
734,Entire,That last over move might.,159.75,although
735,Never,Country experience onto of.,64.68,relate
736,Good,Public difference crime machine author.,58.11,each
737,Key,Lawyer international explain office.,115.71,must
738,Use,Movie among here more six method.,95.94,television
739,Economic,Personal agent why discussion effort act.,35.29,fund
740,Or,Later change direction official.,26.82,range
741,Peace,Notice while sort major where drop success read.,106.11,food
742,Measure,Growth such between agency situation behind exist white.,125.28,national
743,Operation,Shake cause can international policy pay.,120.2,attorney
744,Parent,Religious statement peace more challenge full black.,136.26,score
745,Resource,Board right enough experience car development whom.,54.59,general
746,Yet,Reveal treatment significant their individual.,35.18,wrong
747,Range,Begin group again tonight recently.,188.37,policy
748,Several,Social training matter loss threat decade.,64.85,red
749,They,Reduce approach PM mention strategy above.,107.82,positive
750,Design,Stuff success level without can too.,150.51,feeling
751,According,Occur care night.,153.01,crime
752,Fund,Just group institution keep.,192.29,artist
753,They,Maintain fund commercial serve kind ok purpose.,20.64,than
754,Mention,Sing discover dark minute.,167.14,fly
755,Admit,Artist break just.,105.18,discussion
756,Shoulder,None health mean.,169.97,citizen
757,Skill,Pass half toward parent.,118.43,among
758,Born,Worry example sometimes side effect.,81.27,full
759,Single,Grow imagine movement.,176.7,me
760,City,Ever control however we budget its.,167.49,drug
761,Measure,Clearly kind scene feel state.,29.9,easy
762,Contain,Edge morning computer item poor.,131.61,voice
763,Few,Grow cover raise strong.,168.15,to
764,Soon,Over third all direction eight.,141.39,kid
765,Really,Protect she bring position grow people feel.,15.81,look
766,Radio,Report fish attention never lot also take necessary.,129.42,evening
767,Then,Spring increase couple.,25.19,religious
768,Condition,Whom will stock not many.,50.18,name
769,Through,Thought who trade radio art experience realize.,74.88,song
770,School,Same everybody government nor project section laugh.,139.52,will
771,Rule,True generation represent room continue different result meeting.,89.47,father
772,Own,Marriage another agreement approach any thank.,194.83,camera
773,Paper,Trouble reduce history.,67.89,fly
774,Stuff,When name gas party establish tough center.,113.25,point
775,Call,Type father president mean like character.,39.84,perform
776,Help,Us baby personal.,161.8,generation
777,Standard,Member seven focus memory surface.,198.16,tell
778,Beautiful,Bag election company explain just.,59.1,few
779,Show,Themselves special all school reason character.,186.52,case
780,After,Something buy other home.,179.35,institution
781,School,Keep individual either seat follow.,26.64,level
782,Its,Involve class project shake.,110.33,side
783,Pattern,Will party once run decide president against.,159.2,before
784,Piece,Full success beyond performance amount military buy center.,117.58,worry
785,Tv,Notice environmental seem voice approach yes already together.,122.13,whose
786,That,Second cut military whatever many suddenly into answer.,63.78,million
787,Price,Necessary million different fight direction blue usually friend.,164.39,east
788,Pressure,Year chance system bad institution.,187.66,seek
789,Sort,Begin determine the ago guy argue.,185.02,society
790,Boy,Attention this they common out only.,34.07,three
791,Draw,East lawyer black model country probably not himself.,35.49,minute
792,Share,Energy billion full executive.,14.67,send
793,Box,Take above interest wish public our staff.,124.44,either
794,Future,Scientist stock interest newspaper human about situation.,95.1,walk
795,Although,Last hospital coach.,30.79,word
796,Night,Federal forget less well.,14.2,option
797,Conference,Nothing authority behavior capital.,24.74,conference
798,Author,Beat into win western government.,74.82,that
799,Including,Ground care blue spring.,74.51,couple
800,Popular,Director image eat discussion record former charge.,181.26,page
801,Country,Join language fine rich reflect series.,191.63,social
802,Chair,Grow force half fire.,67.09,represent
803,Suddenly,Hundred realize part such card.,144.13,majority
804,Past,Talk nothing ball.,184.96,subject
805,I,Force forget allow low term bar.,158.79,make
806,Likely,Example give military product.,71.93,many
807,Throughout,Mother move animal already food up.,166.01,sing
808,Performance,Person a cover stand avoid little.,62.41,nearly
809,Order,Simply music more practice almost table.,137.29,ready
810,Reason,Fill sister military recognize seek.,166.11,new
811,Tree,Up chair west effort receive face.,11.61,buy
812,Deal,Run sound door go.,144.69,support
813,Which,Despite control security among west continue.,46.73,today
814,Add,Media Republican able edge personal another.,51.2,seem
815,Task,Paper discover easy toward close attack.,89.2,program
816,Key,Hot when decision prevent star.,108.9,employee
817,Worry,Since prove movie western skin continue.,56.79,situation
818,Plant,Send eye director use along scene size.,169.73,born
819,Admit,I life look.,153.55,start
820,Sound,Successful year commercial walk.,17.87,wear
821,Year,Model age business man.,22.05,plant
822,Big,Benefit concern fill indicate concern usually.,181.58,put
823,Ground,Policy happy provide politics recent federal happy two.,132.08,option
824,Fish,Imagine recently night activity particularly.,157.94,we
825,Stock,Outside religious bit protect traditional determine.,13.2,unit
826,Receive,Crime generation physical onto quickly experience miss.,22.26,city
827,Majority,Window reason decision debate public item.,153.53,generation
828,No,Treatment pattern national.,123.36,six
829,Shoulder,Produce coach push small network.,105.23,until
830,Name,Benefit member throw current together main.,103.59,someone
831,Threat,There mission pick main gas.,98.34,science
832,Memory,Event feel event interest argue hotel.,161.5,only
833,Simple,Fact section alone economic north.,133.5,close
834,Player,Nice state list stand possible they return.,115.06,debate
835,Tv,Determine charge past well feel operation begin.,140.88,partner
836,Create,Various glass north quickly face character.,98.96,cup
837,Sure,Center option ok option.,138.79,dark
838,Moment,Stage easy eight body defense policy manage all.,182.41,admit
839,Model,Congress history data inside lot.,151.77,million
840,Alone,Manage particularly manage collection.,70.82,local
841,Oil,Offer find person computer base last.,10.86,how
842,Start,Not crime ball himself film hand.,100.79,for
843,Glass,Economy certainly you enter.,150.05,away
844,Skill,House follow board grow.,159.59,source
845,Matter,Weight let song by card.,100.89,without
846,Million,Rich she might floor.,83.44,item
847,Development,Church trial there.,144.64,music
848,Material,Manage word practice service with.,152.7,fire
849,Wear,Law society none option traditional.,96.07,music
850,Listen,Particularly idea nation watch.,30.91,clear
851,Relationship,Subject someone million.,29.94,customer
852,Expect,Practice go among yard activity.,166.82,war
853,Project,School son threat receive up per industry.,87.83,bag
854,Question,Medical nice everybody simply drive bank for life.,24.32,carry
855,Its,Sometimes catch source.,87.61,word
856,Final,Employee four enjoy star that control.,23.71,travel
857,A,Expect fear television second several room.,163.58,evening
858,Newspaper,Care other project road she owner.,86.36,fight
859,Family,Finally live none method.,193.02,wish
860,House,Must miss agree past bar animal.,181.91,score
861,Including,Have professional with sign.,134.16,first
862,On,Along visit particularly against wind.,58.4,military
863,Rule,Book six shoulder point agreement not owner half.,136.49,stop
864,Region,High positive window main public despite agency.,93.69,much
865,This,Mrs learn lose character wish order white.,20.35,sport
866,Artist,Yet employee agency success wall tell personal.,130.48,pay
867,Oil,Health value left product media.,85.77,citizen
868,Least,Set wear administration small fear beat present wonder.,144.14,meet
869,Face,Buy bill crime stage look weight.,191.33,conference
870,Action,Majority before data.,56.79,happy
871,If,Young first become benefit land attention open.,146.86,customer
872,North,Both record this good.,32.51,capital
873,Cut,Development majority thought increase.,134.74,direction
874,Very,Most deep one start continue present professional.,146.09,develop
875,Modern,Career want career service need ask.,54.8,movie
876,Address,Image somebody small walk in civil.,101.39,less
877,Teacher,Indicate rich most company marriage yet ok.,131.73,low
878,Blue,Subject example pattern garden reduce knowledge seven upon.,23.28,benefit
879,Dinner,Character power body nor writer discover after style.,55.14,against
880,Forward,City help within quickly sit hope affect.,193.34,suddenly
881,Growth,Return might I media beautiful into assume.,58.15,camera
882,Gas,Or contain box call risk.,94.58,either
883,Second,Offer relate behind past book subject field.,43.11,anyone
884,Big,Apply wind reflect operation professional step true administration.,22.96,who
885,City,Seem appear because.,198.56,particularly
886,Former,Try method far more.,88.45,effort
887,Feel,Onto decision environment try.,168.76,read
888,Process,Break science strong.,103.91,wonder
889,Base,Protect cut walk today less whether low.,103.6,tough
890,Sit,Player simply resource.,81.24,our
891,Indeed,Scientist more short success table.,149.27,different
892,Investment,Low director TV debate someone.,19.37,expect
893,Above,Behavior there professional well positive serve bank.,128.2,another
894,Market,How raise available history myself what.,176.64,for
895,Become,Daughter figure executive the ago take blood.,149.16,church
896,Who,Military bad place yeah world raise foreign.,65.01,produce
897,Have,Performance player effort lawyer these Mrs.,145.62,television
898,Very,Size drop moment break trade full spend.,156.6,resource
899,Back,Improve personal like west put surface science.,196.14,dog
900,Nothing,Mean policy hit spring dark sister debate.,14.78,able
901,West,Bank plan development.,127.41,consider
902,Size,Leave middle past population list yourself.,104.9,likely
903,Reduce,Community only enjoy month use.,180.79,capital
904,Fact,Nice official word upon fill from get.,166.97,system
905,Race,A report note send.,103.31,sign
906,Enough,Pick million past your.,133.22,inside
907,Answer,Reality reality serve.,150.83,stay
908,Event,Seem myself probably force foreign ask against source.,72.6,among
909,Plant,Dream after section back trouble.,161.7,member
910,His,Lead hold expect together find no represent.,61.14,couple
911,City,Part half cause company institution long.,159.53,else
912,Which,Price beat behind ahead quickly whole grow.,179.67,feel
913,Race,Most will course pretty war under.,130.12,memory
914,Treat,Middle during store interest forward decision.,73.97,figure
915,None,Return receive respond international where.,162.64,century
916,Likely,Establish happen industry although.,12.44,few
917,Once,Cover your meet blood fish.,184.12,pick
918,Move,Position available outside six appear.,103.44,arm
919,Person,Science area about if.,39.26,significant
920,Throughout,Blood let at put life.,26.24,project
921,Instead,Interesting benefit tonight ahead few later.,78.52,memory
922,Experience,Writer one mean though matter.,24.23,reduce
923,Newspaper,Institution image throughout if answer get radio.,187.04,mind
924,Ball,Sing rise over.,42.01,market
925,Dream,Unit share crime drug.,146.4,huge
926,Tree,Walk scene something always career down another.,102.59,surface
927,Sort,Task apply action local issue.,30.32,traditional
928,Enter,Scientist relationship yeah simply.,93.23,reveal
929,Art,Learn effort staff bad where long scene.,94.53,call
930,Ago,Professor husband company level news though beyond.,175.41,relate
931,Full,Laugh account coach mind develop south.,79.18,investment
932,During,Skin number seek effort pull entire sell.,63.61,during
933,Professional,Personal difficult wait fight.,191.69,among
934,Eye,You agree west day tough.,111.51,land
935,Too,Establish policy firm fast whose take source.,168.44,indeed
936,Suggest,Compare standard agree recently property.,76.32,cause
937,Near,Community blue have base.,78.22,attorney
938,Good,Bit yes old east.,137.66,cultural
939,Nice,Business issue side generation blood might cold.,42.08,you
940,Anything,Decide others country surface.,103.32,add
941,Media,Quickly write cup focus contain.,197.68,night
942,Analysis,Democratic record provide past.,119.7,provide
943,Project,Issue available I general another plant culture.,144.58,situation
944,Goal,Official cause because local two matter recently.,76.34,song
945,Parent,Player blue show inside avoid case use happen.,72.34,face
946,Those,News win senior shake performance.,123.22,me
947,Democratic,Less garden debate two word because certain.,55.67,very
948,Outside,Such school onto model save many season member.,164.91,life
949,Expect,Especially itself box moment seat Congress.,196.21,perhaps
950,Would,Wear art word region office.,60.42,kid
951,Alone,Fine home would hospital shake.,149.76,senior
952,Go,Indicate cut because bring.,124.56,five
953,Note,Company yeah then case.,83.09,south
954,Film,Head civil bank ahead.,190.46,study
955,Billion,Politics company bank would effort item film contain.,12.85,might
956,Executive,Ever once end country work member.,29.25,project
957,Oil,Shake environment answer.,161.47,job
958,Cause,Matter age personal politics let quality.,120.13,itself
959,Resource,Article forget six why game PM notice provide.,104.75,nearly
960,Reveal,Fact present fear or entire process program.,74.13,movement
961,Her,Analysis officer include during clear act discuss.,57.12,beautiful
962,Admit,Set wall religious.,129.63,chair
963,Here,Every say push trial back.,91.2,issue
964,Throw,Nothing successful newspaper bring bit their.,82.8,nice
965,Mrs,Hand during skill evening remain recent.,34.03,trial
966,Agreement,Understand attack fill.,198.08,audience
967,Modern,Remain finish receive door agency return.,176.0,without
968,Almost,Drop meet charge think fly give.,134.36,nearly
969,Science,Reason ahead spring ability hear make.,166.55,heavy
970,Check,Food new idea prevent.,182.86,may
971,Charge,Officer magazine western late step collection pretty.,90.75,glass
972,Camera,Magazine music continue party agreement well room.,76.87,three
973,Deep,Check clear gas option certain condition land.,59.97,general
974,Force,White sell international crime charge.,31.58,explain
975,Sing,Sense its later call bad little medical.,99.09,race
976,Type,Strategy maybe team ask gas.,92.55,role
977,Represent,Audience late write reflect pay.,44.35,decision
978,Color,Lawyer stock stuff.,177.45,popular
979,Less,Agency under low adult event alone.,125.66,space
980,When,Within into may tree strategy civil special.,163.07,deep
981,Week,Write take area could.,45.58,enjoy
982,Another,On remain perhaps son control material short also.,118.34,whole
983,Player,Approach usually today throughout.,66.94,deal
984,Because,Detail likely one blood more.,140.31,important
985,Relationship,Coach while doctor Republican month table.,151.58,edge
986,East,Half price money whole.,33.65,finish
987,Politics,Than across director argue.,20.89,cut
988,Our,Opportunity general black leave spring debate sure product.,73.94,agent
989,Nothing,Result everyone expert after water late.,88.43,keep
990,Customer,Result last building popular.,74.98,inside
991,Your,Audience size chance TV serious itself life later.,137.3,south
992,Clearly,Just early close rule certain.,45.61,fight
993,Unit,Buy west former one.,186.62,great
994,Speech,In buy figure culture book big able.,72.05,budget
995,Case,Beyond century whether officer present security meeting beautiful.,85.61,outside
996,Position,If away raise material able.,109.66,both
997,Bank,Author care child card summer since score.,20.89,rate
998,Sea,Win discover herself live.,175.63,identify
999,Perhaps,Require growth similar address listen father trade.,39.35,cell
1000,Threat,Research among cell image only agreement say manage.,158.1,keep
